{
  "generated_at": "2025-11-17T19:00:52.088832Z",
  "n_samples": 75,
  "n_features": 20,
  "cluster_counts": {
    "0": 58,
    "1": 17
  },
  "centroids_shap_space": {
    "0": [
      -0.00474103445512371,
      -0.0013294827496839003,
      -0.005093927168134792,
      -0.00018819922978063813,
      -7.419539792142082e-05,
      -0.0005625478872807226,
      -0.001189214544489193,
      -0.005290804529992794,
      -0.009878141553363301,
      -0.05158283403892629,
      -0.05800363862153741,
      -0.02008319889936909,
      -0.007120057339191266,
      -0.0011267049749443395,
      -0.02525116824326186,
      -0.0033438122516328025,
      0.00015340996059808515,
      -0.004487720269812859,
      -0.00036984673896924887,
      -0.0005977969239907468
    ],
    "1": [
      0.01617529402336325,
      0.004535882322450953,
      0.017379280926577527,
      0.0006420914898398241,
      0.0002531372399671991,
      0.0019192810271930535,
      0.004057320210610188,
      0.018050980161151885,
      0.0337018947114748,
      0.17598849260339547,
      0.19789476706171594,
      0.06851914918608279,
      0.024291960333711372,
      0.0038440522674571577,
      0.08615104459465811,
      0.011408300623217797,
      -0.00052339868909935,
      0.015311045626420343,
      0.0012618300506009662,
      0.002039542446556666
    ]
  },
  "centroids_pca_space": {
    "0": [
      -0.08557023856631313,
      0.0019291857072927256,
      0.0011209049705741716,
      0.0001183528519775127,
      -0.0002595432570113453,
      0.00033479728509161407,
      9.79307907792793e-05,
      -0.000200529394791526,
      8.021025167169911e-05,
      4.724079356463353e-05
    ],
    "1": [
      0.2919455198144801,
      -0.0065819277072340105,
      -0.0038242640172530596,
      -0.0004037920832173977,
      0.0008855005239210608,
      -0.0011422495609007984,
      -0.00033411681559989667,
      0.0006841591116416754,
      -0.0002736585057034436,
      -0.00016117447216169433
    ]
  },
  "feature_names": [
    "form_hesitation_index",
    "form_error_rate",
    "form_efficiency",
    "zip_code_struggle",
    "filter_optimization_score",
    "decision_uncertainty",
    "exploration_breadth",
    "planning_time_ratio",
    "multitasking_load",
    "constraint_violation_rate",
    "budget_management_stress",
    "scheduling_difficulty",
    "recovery_efficiency",
    "action_density",
    "idle_time_ratio",
    "mouse_entropy_avg",
    "rapid_hovers",
    "drag_attempts",
    "trait_skill",
    "trait_cautious"
  ]
}