pair,n,t,p_uncorrected,mean_diff,dz,p_holm,reject_holm
T1_form vs T2_product,25,-4.254715532169206,0.00027632859657038765,-14.075999999999999,-0.850943106433841,0.00027632859657038765,True
T1_form vs T3_travel,25,-15.868977358000569,3.165500592069321e-14,-35.0,-3.1737954716001138,9.496501776207963e-14,True
T2_product vs T3_travel,25,-5.673417886536886,7.645518054546692e-06,-20.924,-1.1346835773073776,1.5291036109093383e-05,True
