,mean,std
acc,0.96,0.11055415967851331
precision,0.68,0.47609522856952335
recall,0.66,0.4725815626252608
f1,0.6666666666666665,0.47140452079103173
roc_auc,0.9473684210526315,0.1576508838211529
